month,ret,market_ret,dollar_volume
2020-01-31,0.004802267010844519,-0.0016280928190488542,1784645867.9942176
2020-02-29,0.14296652684151545,-0.08411048363840323,4296897246.09375
2020-03-31,-0.023956683852827232,-0.12511928240892844,4337108348.680062
2020-04-30,0.10880115804577062,0.12684403816527867,3686340565.542221
2020-05-31,0.21465678636979235,0.045281819665558665,5254138178.302383
2020-06-30,0.07059776876673496,0.018388396513924432,4024401748.9409013
2020-07-31,0.11760640202688122,0.05510132148044411,3764862641.257373
2020-08-31,0.2599922144573623,0.07006466690171753,5570358626.675379
2020-09-30,0.01196651183925157,-0.03922797017842261,9643345790.973118
2020-10-31,-0.07364841033159619,-0.027665786221379718,4941579076.387232
2020-11-30,0.069211600747487,0.10754563544385931,5083235467.362213
2020-12-31,-0.02556760799525526,0.03712145909357023,3080888413.19587
2021-01-31,-0.004997980747343256,-0.01113666075544506,4294218586.285641
2021-02-28,0.055794060778403765,0.026091451377448394,5019721658.283032
2021-03-31,-0.026369184803209045,0.042438632533165155,4251692059.5112677
2021-04-30,0.12445436446687497,0.052425321347558285,4845121886.163621
2021-05-31,0.08228142712062358,0.00548648867060697,5251394844.485092
2021-06-30,0.23162201752427936,0.02221400956583497,8495154878.458197
2021-07-31,-0.02517203594168682,0.02274805482838871,7283533989.383606
2021-08-31,0.14820989919290262,0.028990416255438856,6069461868.566166
2021-09-30,-0.07455866076026285,-0.04756916880190076,5210814322.111766
2021-10-31,0.2341667219986232,0.06914383640060695,5269914154.505139
2021-11-30,0.27805360967125803,-0.008333706184746159,15787170312.091919
2021-12-31,-0.09981000798170525,0.04361291346206464,15010666021.862984
2022-01-31,-0.1674544043491718,-0.0525851650273933,13551313403.538132
2022-02-28,-0.004124936390052958,-0.031360491945908286,13801890814.048567
2022-03-31,0.11915714813590528,0.035773288371546474,12717052943.649042
2022-04-30,-0.32027400273612494,-0.08795671180434295,12119543353.76892
2022-05-31,0.006739560249037435,5.317770464441374e-05,11697428820.716312
2022-06-30,-0.1879711429283557,-0.08391999993382704,8523072455.678078
2022-07-31,0.19816603096306928,0.09111639173021024,8644377287.027311
2022-08-31,-0.16896973885747357,-0.04244012827299792,9269104325.78344
2022-09-30,-0.19553410285818384,-0.09339567201327492,8250379911.740939
2022-10-31,0.1118707277967641,0.0798634138370089,7416740420.496668
2022-11-30,0.25415466411456955,0.05375289335249267,7717451768.796875
2022-12-31,-0.1364412790380779,-0.05897147407473069,6956739508.348011
2023-01-31,0.33686880627928306,0.061752857834678654,8249434122.745085
2023-02-28,0.18830924010001882,-0.026112493931818803,12118507805.86303
2023-03-31,0.19666260280216985,0.035051612577109204,12310005258.190653
2023-04-30,-0.0010080536140693042,0.014642341662481462,10626157671.451065
2023-05-31,0.36343642878021054,0.002482347368193194,17439240943.796158
2023-06-30,0.11821048420662938,0.06472746490423376,20573735747.191475
2023-07-31,0.10465231871495351,0.031138932355011084,19576567719.61403
2023-08-31,0.056196469706959684,-0.017716390070854127,26974623703.746296
2023-09-30,-0.1185780952231068,-0.04871936746562466,19013572831.21338
2023-10-31,-0.06250717958217467,-0.02197968873798295,20063854682.053654
2023-11-30,0.14688566265909175,0.08917926878196969,20724061002.071198
2023-12-31,0.05893439649082732,0.04422923115635968,17780590140.3553
2024-01-31,0.24241738323906947,0.01589570759899117,26014602799.472626
2024-02-29,0.28580971438260927,0.0517206406237225,40216546375.821304
2024-03-31,0.14218125402042148,0.031018779915342964,54270593927.71759
2024-04-30,-0.04376038890822409,-0.04161507173789902,38953688037.79394
2024-05-31,0.26887109113042484,0.0480211901511991,42888611744.8238
2024-06-30,0.12694313662283485,0.03466980128308306,48513945342.00134
2024-07-31,-0.05277645012157006,0.011321316887868083,35101205833.31191
2024-08-31,0.020081994328860597,0.02283470693663059,42696744071.94211
2024-09-30,0.01742808690201647,0.02019688409060083,35914362918.13156
2024-10-31,0.09321472513522644,-0.00989674330315149,32688040809.23173
2024-11-30,0.0413528393011815,0.057301295482098835,32070836288.47771
2024-12-31,-0.028576800670554237,-0.024990137048483407,26585268805.560158
