date,symbol,close,volume
2020-01-01,NVDA,100.13838553450636,2236936
2020-01-02,NVDA,102.93174087280362,6677764
2020-01-03,NVDA,105.52504654546394,4747613
2020-01-06,NVDA,104.52191051743578,2575533
2020-01-07,NVDA,103.97218900326214,3083821
2020-01-08,NVDA,102.94830375565635,5997936
2020-01-09,NVDA,104.19341481062376,1871300
2020-01-10,NVDA,104.14951929391911,3730630
2020-01-13,NVDA,105.77817951543808,3604405
2020-01-14,NVDA,101.94409115691482,5042025
2020-01-15,NVDA,105.20945984251911,6669850
2020-01-16,NVDA,105.08019495478047,4920119
2020-01-17,NVDA,106.58363710151042,6378399
2020-01-20,NVDA,106.36713091586407,5391344
2020-01-21,NVDA,105.63511536922383,3071227
2020-01-22,NVDA,106.6874738506246,3642975
2020-01-23,NVDA,108.52146039047715,2134333
2020-01-24,NVDA,108.15784866594352,1879478
2020-01-27,NVDA,107.90305867240882,3309573
2020-01-28,NVDA,109.45837036215431,5825801
2020-01-29,NVDA,107.62966985485805,4134624
2020-01-30,NVDA,104.4451586929514,3642529
2020-01-31,NVDA,105.3433491707507,5534702
2020-02-03,NVDA,104.00429652103573,3652333
2020-02-04,NVDA,100.08262608548013,2999794
2020-02-05,NVDA,98.52323135449679,5555542
2020-02-06,NVDA,97.67081316693319,3589679
2020-02-07,NVDA,95.40836161127787,5112300
2020-02-10,NVDA,92.6272767855566,1380126
2020-02-11,NVDA,92.75998912205125,6933873
2020-02-12,NVDA,94.48949774031337,3352536
2020-02-13,NVDA,94.11506972965881,3327524
2020-02-14,NVDA,92.78127843511112,6398048
2020-02-17,NVDA,93.56062968532036,4809177
2020-02-18,NVDA,94.9682228011794,3554931
2020-02-19,NVDA,94.46487108994084,1502607
2020-02-20,NVDA,95.56003598494554,4672585
2020-02-21,NVDA,97.62007237153671,1675308
2020-02-24,NVDA,97.28434437658854,4462332
2020-02-25,NVDA,95.7695968948153,2528200
2020-02-26,NVDA,96.5025227662431,5458753
2020-02-27,NVDA,97.04785030223854,2679680
2020-02-28,NVDA,99.24853213863551,6866018
2020-03-02,NVDA,96.76815097693385,3677199
2020-03-03,NVDA,95.55542748395897,3099759
2020-03-04,NVDA,94.0204882385154,2372882
2020-03-05,NVDA,90.82564413116943,3936410
2020-03-06,NVDA,91.11889208038534,6616830
2020-03-09,NVDA,92.14453400640066,1792951
2020-03-10,NVDA,90.8475259166269,3567968
2020-03-11,NVDA,93.42877135500031,3803220
2020-03-12,NVDA,95.02999911336796,3294115
2020-03-13,NVDA,96.2889118372971,1524456
2020-03-16,NVDA,97.12991284982675,6412204
2020-03-17,NVDA,99.05438581898419,6450330
2020-03-18,NVDA,96.48495499047326,5774295
2020-03-19,NVDA,97.73719396783768,5785839
2020-03-20,NVDA,98.98388432958271,5621071
2020-03-23,NVDA,95.55366002526992,1362037
2020-03-24,NVDA,96.28374751509237,6484591
2020-03-25,NVDA,95.8689160239727,6350129
2020-03-26,NVDA,97.43449893958083,5419409
2020-03-27,NVDA,96.64710700372268,3736462
2020-03-30,NVDA,96.67950145620424,2833699
2020-03-31,NVDA,97.41011138257906,6465249
2020-04-01,NVDA,95.77116348652966,6767984
2020-04-02,NVDA,96.98476925007766,1938504
2020-04-03,NVDA,96.8490619761783,1162881
2020-04-06,NVDA,97.87078592241967,1685150
2020-04-07,NVDA,96.91784253518581,6382606
2020-04-08,NVDA,99.09113122761737,4185131
2020-04-09,NVDA,100.3598979927521,3516497
2020-04-10,NVDA,100.07281845492722,2871695
2020-04-13,NVDA,101.40770410490806,3025986
2020-04-14,NVDA,104.03366707073525,6894961
2020-04-15,NVDA,107.83334177841482,3847462
2020-04-16,NVDA,104.51514514629736,1673488
2020-04-17,NVDA,106.43431873740059,3398821
2020-04-20,NVDA,107.49880775791358,1313800
2020-04-21,NVDA,107.37225848403892,6162649
2020-04-22,NVDA,105.28566131287423,4255988
2020-04-23,NVDA,108.00663996708396,5836628
2020-04-24,NVDA,105.35672299124575,5472812
2020-04-27,NVDA,106.62510302503078,5479964
2020-04-28,NVDA,109.47597678155034,1154870
2020-04-29,NVDA,106.05010280855977,2396239
2020-04-30,NVDA,105.4826969188323,6326578
2020-05-01,NVDA,102.79454039141326,3639355
2020-05-04,NVDA,103.368245167011,3480499
2020-05-05,NVDA,106.57136893427594,1450271
2020-05-06,NVDA,110.95903161541172,2028076
2020-05-07,NVDA,107.09074580386786,5455027
2020-05-08,NVDA,105.93427496949337,1376729
2020-05-11,NVDA,107.4990197493791,1252903
2020-05-12,NVDA,110.96988930158362,3881172
2020-05-13,NVDA,111.98240219545896,3375680
2020-05-14,NVDA,110.38967201513283,6068863
2020-05-15,NVDA,111.12294978342818,1906680
2020-05-18,NVDA,111.1638003555559,6974920
2020-05-19,NVDA,110.78864315604768,6112376
2020-05-20,NVDA,109.23877407734889,3242128
2020-05-21,NVDA,110.16131683897721,6511207
2020-05-22,NVDA,110.9167582621315,4081196
2020-05-25,NVDA,110.78813003290297,2737058
2020-05-26,NVDA,110.37447387812031,4398889
2020-05-27,NVDA,107.61529620082311,6234395
2020-05-28,NVDA,106.64422813966252,2377864
2020-05-29,NVDA,109.29209697916254,2068213
2020-06-01,NVDA,108.9520712172563,6291639
2020-06-02,NVDA,105.89117757519956,5266838
2020-06-03,NVDA,108.7914158041988,3293559
2020-06-04,NVDA,110.02133628607871,2503991
2020-06-05,NVDA,114.73704225941306,2243776
2020-06-08,NVDA,114.96080741741916,3673141
2020-06-09,NVDA,113.98045710785678,6325806
2020-06-10,NVDA,110.76017933790823,4666052
2020-06-11,NVDA,113.77028296909835,4185257
2020-06-12,NVDA,119.69660320568245,3106895
2020-06-15,NVDA,117.81512835915507,3887246
2020-06-16,NVDA,116.37286468115376,2187070
2020-06-17,NVDA,117.8419296542769,6070903
2020-06-18,NVDA,115.96742883726019,4527137
2020-06-19,NVDA,115.42108687403643,3551427
2020-06-22,NVDA,114.69430868486592,5763739
2020-06-23,NVDA,115.21492653842292,4417907
2020-06-24,NVDA,117.8183655175862,6974899
2020-06-25,NVDA,117.95283772046865,1295035
2020-06-26,NVDA,120.20316577501808,2933888
2020-06-29,NVDA,119.27786849959985,4448431
2020-06-30,NVDA,120.14334522031713,2545701
2020-07-01,NVDA,115.08957405877536,4628402
2020-07-02,NVDA,111.8326586523522,1458589
2020-07-03,NVDA,113.69112377335424,2169165
2020-07-06,NVDA,112.4288125925729,2228286
2020-07-07,NVDA,113.81149568640257,4059100
2020-07-08,NVDA,115.1256639497307,1155600
2020-07-09,NVDA,118.2508165441196,2055231
2020-07-10,NVDA,120.2536520502095,2498155
2020-07-13,NVDA,122.78376808586482,6125332
2020-07-14,NVDA,122.59548818820265,5355910
2020-07-15,NVDA,120.96917278762818,3873495
2020-07-16,NVDA,119.28393000483948,1688195
2020-07-17,NVDA,118.20311277158912,6602676
2020-07-20,NVDA,115.61486858700292,4878068
2020-07-21,NVDA,114.42994663890096,5302805
2020-07-22,NVDA,114.29819416905762,2769353
2020-07-23,NVDA,114.95337875154672,2732674
2020-07-24,NVDA,114.25471328974675,2373162
2020-07-27,NVDA,109.93889490193772,5196304
2020-07-28,NVDA,109.85691796560309,3901531
2020-07-29,NVDA,110.42893368096587,6398920
2020-07-30,NVDA,112.90138360493359,3617433
2020-07-31,NVDA,114.28524724046429,6811000
2020-08-03,NVDA,112.89425707092498,3680719
2020-08-04,NVDA,111.33907871006204,4724644
2020-08-05,NVDA,115.89417758111999,1705539
2020-08-06,NVDA,117.72910217357655,1690768
2020-08-07,NVDA,122.12378786541527,4387622
2020-08-10,NVDA,127.41039116095783,4973830
2020-08-11,NVDA,125.41493123547882,6412638
2020-08-12,NVDA,126.46909214838902,5862615
2020-08-13,NVDA,127.71649981597464,1055735
2020-08-14,NVDA,129.23533565607417,1611371
2020-08-17,NVDA,130.72645871057546,1485970
2020-08-18,NVDA,131.3462449746629,3912489
2020-08-19,NVDA,131.8956117935948,4515713
2020-08-20,NVDA,128.0244757428405,2268567
2020-08-21,NVDA,127.69058488057232,2911373
2020-08-24,NVDA,125.87068835216537,3730284
2020-08-25,NVDA,126.27621175299493,2511490
2020-08-26,NVDA,125.18380569041985,2351906
2020-08-27,NVDA,126.82000998498462,6927745
2020-08-28,NVDA,128.98628778557548,2392751
2020-08-31,NVDA,129.8729198316294,2849124
2020-09-01,NVDA,130.78506447671256,1654552
2020-09-02,NVDA,131.1197347855278,6525139
2020-09-03,NVDA,130.03721578062323,4828894
2020-09-04,NVDA,129.70041610380522,4700918
2020-09-07,NVDA,128.50549638205487,3159278
2020-09-08,NVDA,129.59261981478744,1181743
2020-09-09,NVDA,129.71991452896032,1520723
2020-09-10,NVDA,131.31881936113015,2595364
2020-09-11,NVDA,127.92121198217852,3519655
2020-09-14,NVDA,130.28207196044184,1454415
2020-09-15,NVDA,128.38595649054722,2089932
2020-09-16,NVDA,126.59039624372501,4227660
2020-09-17,NVDA,126.17912180731179,5517438
2020-09-18,NVDA,124.8456997421727,6449980
2020-09-21,NVDA,125.66000630688346,4654622
2020-09-22,NVDA,124.30497732266252,1315731
2020-09-23,NVDA,121.73316315350135,4894262
2020-09-24,NVDA,119.75913134234698,1168163
2020-09-25,NVDA,122.98540240168023,2492212
2020-09-28,NVDA,123.18035475050304,1175955
2020-09-29,NVDA,120.39024510519974,1964013
2020-09-30,NVDA,120.4946894292109,2637905
2020-10-01,NVDA,116.82937011164289,4980214
2020-10-02,NVDA,121.09262934553635,1997289
2020-10-05,NVDA,117.48533280988862,4601316
2020-10-06,NVDA,118.6925009596339,6809687
2020-10-07,NVDA,120.06607150397161,3054832
2020-10-08,NVDA,116.6681830609458,5650282
2020-10-09,NVDA,117.45050510548303,4780949
2020-10-12,NVDA,119.87508765494752,6635698
2020-10-13,NVDA,121.08001278362576,2930121
2020-10-14,NVDA,121.79684586862925,4479107
2020-10-15,NVDA,124.19404330526393,2993861
2020-10-16,NVDA,124.68064686583146,5926380
2020-10-19,NVDA,125.60683776942696,1252952
2020-10-20,NVDA,125.37644582261116,5253220
2020-10-21,NVDA,127.04848046225088,1267964
2020-10-22,NVDA,124.74538588981927,2752678
2020-10-23,NVDA,126.80808392517504,5326682
2020-10-26,NVDA,125.61532319783919,4916058
2020-10-27,NVDA,122.96319840500065,3450758
2020-10-28,NVDA,123.9475162402003,2735540
2020-10-29,NVDA,128.2310322158967,3959843
2020-10-30,NVDA,130.7871337330842,3785460
2020-11-02,NVDA,129.5298774674551,2361937
2020-11-03,NVDA,131.42894005726137,5936281
2020-11-04,NVDA,130.32701585191504,3373844
2020-11-05,NVDA,130.0949830504949,2324219
2020-11-06,NVDA,130.4189936947825,2489813
2020-11-09,NVDA,124.46610162998091,2049425
2020-11-10,NVDA,125.03021876030158,6309205
2020-11-11,NVDA,122.54309467112314,6109470
2020-11-12,NVDA,120.9196471511498,2166171
2020-11-13,NVDA,117.43863553960784,3779211
2020-11-16,NVDA,113.95879202737618,4405791
2020-11-17,NVDA,111.88869774842249,2042961
2020-11-18,NVDA,113.81451996155796,1080934
2020-11-19,NVDA,117.68658404948454,2907022
2020-11-20,NVDA,117.70963860764263,6290254
2020-11-23,NVDA,120.36232167916476,2683411
2020-11-24,NVDA,119.81110883360645,5244980
2020-11-25,NVDA,115.31346492582712,6377309
2020-11-26,NVDA,115.73993244014294,2130941
2020-11-27,NVDA,116.8525363902148,3836638
2020-11-30,NVDA,115.93263453444278,3585355
2020-12-01,NVDA,116.71454041246605,6521128
2020-12-02,NVDA,118.13275337675493,4500524
2020-12-03,NVDA,116.17551203910075,3821681
2020-12-04,NVDA,112.8253957479014,2925540
2020-12-07,NVDA,112.40511174961325,6636459
2020-12-08,NVDA,112.00930965553746,1789253
2020-12-09,NVDA,111.29768490979937,6499259
2020-12-10,NVDA,113.57315884966641,4699884
2020-12-11,NVDA,117.5722714546372,4405466
2020-12-14,NVDA,116.67484931867229,4144699
2020-12-15,NVDA,118.38737172884213,5718170
2020-12-16,NVDA,120.6981301177986,2186521
2020-12-17,NVDA,122.50415173741315,2722873
2020-12-18,NVDA,125.15633302485728,2456888
2020-12-21,NVDA,124.2696154991481,1692835
2020-12-22,NVDA,126.1953132668084,1156075
2020-12-23,NVDA,131.39325262807083,4625352
2020-12-24,NVDA,133.59715254235255,4733062
2020-12-25,NVDA,132.03434996820548,1331145
2020-12-28,NVDA,133.73155249526732,4714212
2020-12-29,NVDA,137.2015661069981,3804990
2020-12-30,NVDA,138.31011713056623,4089971
2020-12-31,NVDA,136.84845388705838,4720127
2021-01-01,NVDA,141.16761164497223,4408423
2021-01-04,NVDA,137.7378963916061,5605452
2021-01-05,NVDA,139.22112705742492,6767689
2021-01-06,NVDA,139.2735422122028,6379948
2021-01-07,NVDA,136.04611261649598,3072596
2021-01-08,NVDA,139.45937267498505,2224481
2021-01-11,NVDA,140.52731794743752,2625771
2021-01-12,NVDA,137.3463467017269,6192758
2021-01-13,NVDA,139.09539297403018,3131241
2021-01-14,NVDA,137.99208712376833,3977728
2021-01-15,NVDA,132.83728644937196,1616498
2021-01-18,NVDA,131.10002680030263,4736703
2021-01-19,NVDA,131.88282885567725,3609407
2021-01-20,NVDA,133.6519127349525,3771979
2021-01-21,NVDA,134.18803039891046,5069746
2021-01-22,NVDA,134.40317409828958,6086715
2021-01-25,NVDA,135.76061929524903,4283059
2021-01-26,NVDA,135.2828068035698,2799999
2021-01-27,NVDA,138.56193921436625,2934864
2021-01-28,NVDA,139.07085407230574,1048754
2021-01-29,NVDA,139.9857220968119,6662799
2021-02-01,NVDA,141.5977948490949,5975245
2021-02-02,NVDA,138.70305777408348,1967359
2021-02-03,NVDA,136.83271118641986,4969861
2021-02-04,NVDA,141.11168657299044,4403151
2021-02-05,NVDA,142.1567842499799,5299037
2021-02-08,NVDA,141.45277814068942,1791081
2021-02-09,NVDA,142.51787096218135,1745163
2021-02-10,NVDA,141.2448379608745,5123070
2021-02-11,NVDA,142.1306303534317,2236991
2021-02-12,NVDA,140.33730833908228,4225539
2021-02-15,NVDA,141.21025921244595,4752601
2021-02-16,NVDA,136.85335066643256,6724150
2021-02-17,NVDA,140.59196467652757,5482987
2021-02-18,NVDA,139.2480239494259,6462764
2021-02-19,NVDA,134.9418033248104,4966896
2021-02-22,NVDA,134.43215054860062,4909955
2021-02-23,NVDA,133.5287767279583,4575970
2021-02-24,NVDA,134.02923835988773,5689487
2021-02-25,NVDA,131.05311749003744,4928738
2021-02-26,NVDA,132.18663679123165,5937915
2021-03-01,NVDA,141.85891195520043,1886916
2021-03-02,NVDA,138.33040496123147,1306808
2021-03-03,NVDA,139.3615628916683,3704296
2021-03-04,NVDA,138.59307068439986,5819753
2021-03-05,NVDA,139.22396933423127,2977036
2021-03-08,NVDA,134.27648119429847,5297274
2021-03-09,NVDA,131.27940492234777,5417167
2021-03-10,NVDA,132.57817711075924,5672146
2021-03-11,NVDA,132.56911401514427,4104459
2021-03-12,NVDA,136.99755393104851,6382489
2021-03-15,NVDA,135.16234184363708,5320332
2021-03-16,NVDA,135.72867077774893,4479151
2021-03-17,NVDA,143.73156289863547,5168973
2021-03-18,NVDA,141.63146815763906,4490254
2021-03-19,NVDA,139.17038489232846,6431246
2021-03-22,NVDA,139.17002281303007,4833241
2021-03-23,NVDA,139.14340604839583,6137331
2021-03-24,NVDA,141.5900126452469,6108804
2021-03-25,NVDA,142.0560586434572,1309756
2021-03-26,NVDA,140.00550980213558,2770600
2021-03-29,NVDA,140.69551730243668,5006437
2021-03-30,NVDA,148.21877886568018,4993943
2021-03-31,NVDA,152.09254683008373,3240824
2021-04-01,NVDA,143.73606787663832,5969593
2021-04-02,NVDA,143.42842406951155,1605139
2021-04-05,NVDA,141.01856687672833,3328755
2021-04-06,NVDA,142.87229123359253,3869912
2021-04-07,NVDA,142.47721082817858,1843805
2021-04-08,NVDA,148.084246866835,6059362
2021-04-09,NVDA,150.9459321815242,1283970
2021-04-12,NVDA,153.73964822643907,5778441
2021-04-13,NVDA,154.42093336295187,6407235
2021-04-14,NVDA,154.40457199158425,1634813
2021-04-15,NVDA,155.56316191833832,3630185
2021-04-16,NVDA,159.70201253012178,2213984
2021-04-19,NVDA,161.52066637337674,6079491
2021-04-20,NVDA,160.49942751944826,5169634
2021-04-21,NVDA,164.7047842731737,2862145
2021-04-22,NVDA,165.4529075600074,6809175
2021-04-23,NVDA,165.3118918368627,2182322
2021-04-26,NVDA,162.81113011404656,1463089
2021-04-27,NVDA,161.0821010617809,3466734
2021-04-28,NVDA,159.14574349948415,1532474
2021-04-29,NVDA,150.36931039383097,4490975
2021-04-30,NVDA,153.53261814971583,5173744
2021-05-03,NVDA,155.37954666956742,6265298
2021-05-04,NVDA,154.8224470045525,4695826
2021-05-05,NVDA,158.16965795560535,1230064
2021-05-06,NVDA,159.6659042617249,5866505
2021-05-07,NVDA,160.96420354518673,4023652
2021-05-10,NVDA,153.10991161325657,2189613
2021-05-11,NVDA,152.5035476142646,4824327
2021-05-12,NVDA,154.23351469121937,3965535
2021-05-13,NVDA,159.30683130388067,3215448
2021-05-14,NVDA,165.28177701089805,5805437
2021-05-17,NVDA,170.11077583446067,4784551
2021-05-18,NVDA,166.2778074492018,3294286
2021-05-19,NVDA,159.0857223861532,5908924
2021-05-20,NVDA,161.012153679655,3397589
2021-05-21,NVDA,161.21379188974018,6513892
2021-05-24,NVDA,164.43017874466233,1196997
2021-05-25,NVDA,164.13129610161218,3617105
2021-05-26,NVDA,164.96756134864077,5786939
2021-05-27,NVDA,160.13404805091065,4293344
2021-05-28,NVDA,161.68097387747628,3679622
2021-05-31,NVDA,160.35551825644487,4028107
2021-06-01,NVDA,161.59020878756104,3267978
2021-06-02,NVDA,163.18803214200693,6152339
2021-06-03,NVDA,162.91967874157476,4932465
2021-06-04,NVDA,164.06598525748933,6789312
2021-06-07,NVDA,164.13618242975204,6117659
2021-06-08,NVDA,166.743319913809,6894762
2021-06-09,NVDA,168.53328593709313,6197559
2021-06-10,NVDA,166.806775781401,3708236
2021-06-11,NVDA,164.96222017919706,3054693
2021-06-14,NVDA,170.8307141379203,2573462
2021-06-15,NVDA,170.60318301745585,4649698
2021-06-16,NVDA,174.10671647027002,3351775
2021-06-17,NVDA,175.5984131279184,3324794
2021-06-18,NVDA,173.7401868539728,5254927
2021-06-21,NVDA,171.259268036139,6033090
2021-06-22,NVDA,171.79060227686702,5778460
2021-06-23,NVDA,172.7926720486883,5761447
2021-06-24,NVDA,175.03677789302785,5803816
2021-06-25,NVDA,170.72410473843573,4970426
2021-06-28,NVDA,168.81307619185043,1656729
2021-06-29,NVDA,168.61095223268467,5941169
2021-06-30,NVDA,174.1270577144764,5814587
2021-07-01,NVDA,166.02952765119883,4058853
2021-07-02,NVDA,167.60385831098463,2929022
2021-07-05,NVDA,165.91090562043277,4426199
2021-07-06,NVDA,167.45844736667195,5817525
2021-07-07,NVDA,165.9279478041719,1975822
2021-07-08,NVDA,167.25388156459275,2602524
2021-07-09,NVDA,172.60479499265693,5247520
2021-07-12,NVDA,173.9483386464783,4982493
2021-07-13,NVDA,175.57788648280075,2729017
2021-07-14,NVDA,177.01010300353545,5748536
2021-07-15,NVDA,174.47774860465367,4370921
2021-07-16,NVDA,176.49477367357355,3023029
2021-07-19,NVDA,175.8828784264476,1012428
2021-07-20,NVDA,173.15066579749347,6135840
2021-07-21,NVDA,173.1383792817786,3384466
2021-07-22,NVDA,172.47252898883175,4013314
2021-07-23,NVDA,175.19235107595512,4694886
2021-07-26,NVDA,175.1648836307965,6421951
2021-07-27,NVDA,173.43270592153362,4784318
2021-07-28,NVDA,178.6043706181236,5117291
2021-07-29,NVDA,182.26000116315836,4382483
2021-07-30,NVDA,187.01600094066873,4588783
2021-08-02,NVDA,189.41978254024988,2512111
2021-08-03,NVDA,189.13679319461414,4256931
2021-08-04,NVDA,187.68386930060353,4926281
2021-08-05,NVDA,186.76669578667793,3039738
2021-08-06,NVDA,190.43737335018278,4967357
2021-08-09,NVDA,190.99689084670945,5035348
2021-08-10,NVDA,185.46622006654968,4539659
2021-08-11,NVDA,185.4510756453522,5590846
2021-08-12,NVDA,180.32853043298553,3262377
2021-08-13,NVDA,181.05296724639874,3270180
2021-08-16,NVDA,176.8206019874017,1912528
2021-08-17,NVDA,172.47457746750345,5233898
2021-08-18,NVDA,173.00434849596013,4339627
2021-08-19,NVDA,172.85482317031554,4006980
2021-08-20,NVDA,167.23095105116806,1311401
2021-08-23,NVDA,169.85053599634617,4576495
2021-08-24,NVDA,177.31749401056305,6497333
2021-08-25,NVDA,172.18813956305596,1318454
2021-08-26,NVDA,178.57580200796448,3115546
2021-08-27,NVDA,176.2443541084871,3738460
2021-08-30,NVDA,174.62611151544786,2697489
2021-08-31,NVDA,174.12358219766543,1922504
2021-09-01,NVDA,169.21233176658507,3704104
2021-09-02,NVDA,173.72734730315221,6990111
2021-09-03,NVDA,175.56084358829608,1623025
2021-09-06,NVDA,173.04521750704208,2059214
2021-09-07,NVDA,172.20741162954215,6305052
2021-09-08,NVDA,167.1053901394394,6394640
2021-09-09,NVDA,166.06012005556926,6877428
2021-09-10,NVDA,169.28571550612267,1572259
2021-09-13,NVDA,163.59673437942556,5939491
2021-09-14,NVDA,162.28390222907066,4703795
2021-09-15,NVDA,162.8739396741491,4442623
2021-09-16,NVDA,166.4025688715151,6087759
2021-09-17,NVDA,171.0096920743822,6644375
2021-09-20,NVDA,169.56550511527965,5956398
2021-09-21,NVDA,167.1735907795224,2982462
2021-09-22,NVDA,168.7965108657495,4899551
2021-09-23,NVDA,167.68834559472273,3790693
2021-09-24,NVDA,166.76599472010568,3848495
2021-09-27,NVDA,170.48548903039688,2029229
2021-09-28,NVDA,176.36634461586394,3736878
2021-09-29,NVDA,177.42760289055218,3548301
2021-09-30,NVDA,176.86971807816198,1108282
2021-10-01,NVDA,179.01430573469935,6565581
2021-10-04,NVDA,172.38176903334264,3606588
2021-10-05,NVDA,172.4395201551929,4980252
2021-10-06,NVDA,168.9025205729436,1631755
2021-10-07,NVDA,177.09236003081446,4274110
2021-10-08,NVDA,179.7671627798571,4836010
2021-10-11,NVDA,180.40127292245012,4215886
2021-10-12,NVDA,179.82628128291776,4009843
2021-10-13,NVDA,170.90705583254532,4810284
2021-10-14,NVDA,173.4631572242215,6029952
2021-10-15,NVDA,179.23729107484178,4659416
2021-10-18,NVDA,176.750123097907,1012267
2021-10-19,NVDA,179.28968481257544,3715109
2021-10-20,NVDA,182.00607828800588,3500465
2021-10-21,NVDA,176.49810963874924,4065041
2021-10-22,NVDA,179.92478636330404,5234757
2021-10-25,NVDA,184.92590762607267,1608047
2021-10-26,NVDA,185.90039362647647,5877076
2021-10-27,NVDA,185.79561274829834,3660661
2021-10-28,NVDA,188.85367286764284,4107351
2021-10-29,NVDA,183.16632949395185,5048493
2021-11-01,NVDA,183.63626360370492,3996461
2021-11-02,NVDA,187.63711733989928,2340063
2021-11-03,NVDA,183.10592364034613,3546389
2021-11-04,NVDA,186.8690111475108,2661524
2021-11-05,NVDA,185.4367361993526,1736703
2021-11-08,NVDA,177.84930673722147,5828945
2021-11-09,NVDA,177.59765724496458,4401386
2021-11-10,NVDA,174.26984438605993,1815311
2021-11-11,NVDA,175.50457983461826,2696708
2021-11-12,NVDA,171.51311023682027,2172770
2021-11-15,NVDA,175.23589116805073,4003302
2021-11-16,NVDA,172.76916449437581,5910941
2021-11-17,NVDA,174.12145464352176,4831048
2021-11-18,NVDA,172.17484662618168,1725689
2021-11-19,NVDA,171.18344556690798,5389413
2021-11-22,NVDA,175.38346579344557,2803102
2021-11-23,NVDA,176.26135981970947,5400090
2021-11-24,NVDA,174.9921649002517,6462158
2021-11-25,NVDA,170.73457747853368,4044514
2021-11-26,NVDA,174.8149674956724,3477596
2021-11-29,NVDA,177.4994651877065,6950612
2021-11-30,NVDA,176.46451701852163,5904929
2021-12-01,NVDA,177.44675742070058,5513064
2021-12-02,NVDA,173.91706618870845,5587419
2021-12-03,NVDA,170.50883123361916,4443725
2021-12-06,NVDA,167.8107414044397,1119836
2021-12-07,NVDA,169.1143865930405,4538327
2021-12-08,NVDA,170.23340260178625,2317639
2021-12-09,NVDA,167.8150569057766,6624020
2021-12-10,NVDA,170.4087211628298,6471226
2021-12-13,NVDA,173.2023797238399,6218123
2021-12-14,NVDA,173.92258350023766,2927833
2021-12-15,NVDA,177.65631375631014,6125741
2021-12-16,NVDA,176.7596381022007,3423382
2021-12-17,NVDA,176.48381834946568,4265961
2021-12-20,NVDA,178.27639511212473,6608777
2021-12-21,NVDA,178.27980372371994,4193590
2021-12-22,NVDA,181.23532345185228,1658140
2021-12-23,NVDA,176.82163389232414,5412643
2021-12-24,NVDA,181.987531184024,6830027
2021-12-27,NVDA,179.2712890764973,2579884
2021-12-28,NVDA,178.80626706138102,4880319
2021-12-29,NVDA,174.00516609349714,4228074
2021-12-30,NVDA,176.21580539889453,4771150
2021-12-31,NVDA,180.82861137639995,5791397
2022-01-03,NVDA,184.82870998078528,1005074
2022-01-04,NVDA,188.03872249884174,6333512
2022-01-05,NVDA,182.31428497998215,4784340
2022-01-06,NVDA,179.5898967884695,2907320
2022-01-07,NVDA,178.05417691912172,5932837
2022-01-10,NVDA,174.85014803128055,4730891
2022-01-11,NVDA,178.8986116814452,3364415
2022-01-12,NVDA,179.6839204588304,6054268
2022-01-13,NVDA,179.7217338466035,1438632
2022-01-14,NVDA,181.59995440201243,3559694
2022-01-17,NVDA,178.27079489253984,1792261
2022-01-18,NVDA,175.15693632157644,5631743
2022-01-19,NVDA,172.1916625438401,1465523
2022-01-20,NVDA,174.02592027800404,1931890
2022-01-21,NVDA,175.3366709069341,3489883
2022-01-24,NVDA,177.4866227520799,6344182
2022-01-25,NVDA,181.43883493927012,5902401
2022-01-26,NVDA,176.64050039320585,6579801
2022-01-27,NVDA,174.7840285664187,1352159
2022-01-28,NVDA,175.4221234346968,5933758
2022-01-31,NVDA,170.81293132451944,3434527
2022-02-01,NVDA,169.1144521618496,5216205
2022-02-02,NVDA,172.66257112617993,3404996
2022-02-03,NVDA,176.59114233483123,6178722
2022-02-04,NVDA,180.51749413628818,3388427
2022-02-07,NVDA,180.79916528018302,2760229
2022-02-08,NVDA,180.1592536206014,4160395
2022-02-09,NVDA,184.1750923470768,1104577
2022-02-10,NVDA,182.93137269556624,4211580
2022-02-11,NVDA,184.29691511189168,4391538
2022-02-14,NVDA,189.31081930001977,2224366
2022-02-15,NVDA,188.05163428616552,1801577
2022-02-16,NVDA,185.88696327001583,5766695
2022-02-17,NVDA,185.98224419349648,6078328
2022-02-18,NVDA,188.33818981547833,4102205
2022-02-21,NVDA,190.28714736420872,1807897
2022-02-22,NVDA,191.01350298853944,3112491
2022-02-23,NVDA,193.27288762432588,6452981
2022-02-24,NVDA,187.2249972800993,6784721
2022-02-25,NVDA,184.13853331670646,2036815
2022-02-28,NVDA,184.86855463620404,5235014
2022-03-01,NVDA,181.56435635471175,6542417
2022-03-02,NVDA,176.81944627292853,1978155
2022-03-03,NVDA,172.67189912829045,5134097
2022-03-04,NVDA,169.6219472909928,6814920
2022-03-07,NVDA,169.13521748361296,1603955
2022-03-08,NVDA,165.79437134000946,4469543
2022-03-09,NVDA,166.68932550510286,2760837
2022-03-10,NVDA,172.4608571978854,3041663
2022-03-11,NVDA,172.07238460153152,2857939
2022-03-14,NVDA,176.57964489519077,2424619
2022-03-15,NVDA,177.7218741378023,1970517
2022-03-16,NVDA,173.86593682951394,1407059
2022-03-17,NVDA,173.09602516594552,4556153
2022-03-18,NVDA,169.81815856100332,2463592
2022-03-21,NVDA,172.5452187289638,4772893
2022-03-22,NVDA,168.68677837352456,2734122
2022-03-23,NVDA,173.2668696800442,3695495
2022-03-24,NVDA,175.39177278673938,3064787
2022-03-25,NVDA,168.4206159550817,1802064
2022-03-28,NVDA,171.18049566958092,6927832
2022-03-29,NVDA,176.61724422963084,4800815
2022-03-30,NVDA,173.94847391172044,4554673
2022-03-31,NVDA,177.49790022046457,2821678
2022-04-01,NVDA,171.23796912718262,2153022
2022-04-04,NVDA,172.2214114271767,1367805
2022-04-05,NVDA,166.61942999917983,3223525
2022-04-06,NVDA,168.34357783481812,5725771
2022-04-07,NVDA,162.4415774116168,3594270
2022-04-08,NVDA,154.00153472357462,1502032
2022-04-11,NVDA,155.3293149149933,1498888
2022-04-12,NVDA,162.54557244188658,5160831
2022-04-13,NVDA,160.72288529941804,3810376
2022-04-14,NVDA,163.50392335775655,2978823
2022-04-15,NVDA,163.98041007650232,4049735
2022-04-18,NVDA,163.0342275662489,1104918
2022-04-19,NVDA,165.1549255571121,6457674
2022-04-20,NVDA,170.69556076791716,3535813
2022-04-21,NVDA,166.5984303725874,3599364
2022-04-22,NVDA,168.59393618915107,1576737
2022-04-25,NVDA,169.87570675750018,5132019
2022-04-26,NVDA,165.15538520282294,4858479
2022-04-27,NVDA,170.60455787784394,5077980
2022-04-28,NVDA,177.37537068860337,3020851
2022-04-29,NVDA,174.11956775459504,2049761
2022-05-02,NVDA,180.29350111297646,5430454
2022-05-03,NVDA,180.62216216801912,4403077
2022-05-04,NVDA,180.15887232288839,3933596
2022-05-05,NVDA,185.7021768649931,3694156
2022-05-06,NVDA,186.67686391486632,6466835
2022-05-09,NVDA,188.0141270134815,1975979
2022-05-10,NVDA,193.85262361131993,4980688
2022-05-11,NVDA,198.9828166715088,1143587
2022-05-12,NVDA,202.67653238088874,2578399
2022-05-13,NVDA,197.14123407548465,6975024
2022-05-16,NVDA,191.07957349291027,1996807
2022-05-17,NVDA,195.51698093834756,1543065
2022-05-18,NVDA,192.03005474839765,3514213
2022-05-19,NVDA,192.73474185446776,6319657
2022-05-20,NVDA,188.7294363997683,4717319
2022-05-23,NVDA,188.16820590442632,3199222
2022-05-24,NVDA,183.48772829246005,5492909
2022-05-25,NVDA,189.59850837238693,1490215
2022-05-26,NVDA,185.86754179087538,6972487
2022-05-27,NVDA,185.5441535773599,6787713
2022-05-30,NVDA,184.975648214472,1525837
2022-05-31,NVDA,189.56710559062563,4961599
2022-06-01,NVDA,184.31648516564337,4879873
2022-06-02,NVDA,184.3225969807761,3427221
2022-06-03,NVDA,183.68029072711283,4107508
2022-06-06,NVDA,185.75560448010543,6027745
2022-06-07,NVDA,187.63922864607184,4887490
2022-06-08,NVDA,186.03023526780274,5246277
2022-06-09,NVDA,187.05186119840843,1709398
2022-06-10,NVDA,185.78128830322044,3493336
2022-06-13,NVDA,187.65067624257338,5685319
2022-06-14,NVDA,187.39704696622178,5307135
2022-06-15,NVDA,185.07119065416006,2508228
2022-06-16,NVDA,185.0987402678908,5427011
2022-06-17,NVDA,186.57502844543941,5921048
2022-06-20,NVDA,195.16077318123948,2033125
2022-06-21,NVDA,193.3800018881898,6751621
2022-06-22,NVDA,194.70139863111777,5298155
2022-06-23,NVDA,200.5347955291067,4792292
2022-06-24,NVDA,192.3402672756131,6499388
2022-06-27,NVDA,185.7697768066128,2183581
2022-06-28,NVDA,181.4834760069752,5125863
2022-06-29,NVDA,181.1958735425661,4606737
2022-06-30,NVDA,190.1649851409702,5796108
2022-07-01,NVDA,191.78658652037336,2504626
2022-07-04,NVDA,196.55469005174322,6939862
2022-07-05,NVDA,195.81942081967088,6341277
2022-07-06,NVDA,186.30759520255054,5778171
2022-07-07,NVDA,177.81704254087683,3502187
2022-07-08,NVDA,181.56407166990738,3818612
2022-07-11,NVDA,182.36244354456227,5642105
2022-07-12,NVDA,177.75414763138545,4372944
2022-07-13,NVDA,181.85074324392392,3564878
2022-07-14,NVDA,176.38083664174943,5600921
2022-07-15,NVDA,180.50547472029535,3750561
2022-07-18,NVDA,185.87132793359785,4794039
2022-07-19,NVDA,183.1582631341652,1539687
2022-07-20,NVDA,179.22725807753002,1425498
2022-07-21,NVDA,182.37924560229266,2292951
2022-07-22,NVDA,178.51175298046508,1360944
2022-07-25,NVDA,181.71384845444086,2250894
2022-07-26,NVDA,177.49721938504388,2635883
2022-07-27,NVDA,180.48832641625071,4884262
2022-07-28,NVDA,180.95350599569733,5909599
2022-07-29,NVDA,179.5139181583733,2754349
2022-08-01,NVDA,176.4238205648376,2329602
2022-08-02,NVDA,177.38559421058497,3340817
2022-08-03,NVDA,170.79514950487282,2914057
2022-08-04,NVDA,169.9720392683814,1120377
2022-08-05,NVDA,168.74431705570282,5938724
2022-08-08,NVDA,171.15182573229595,5442322
2022-08-09,NVDA,166.9797591517377,1773593
2022-08-10,NVDA,172.8188347372253,6274196
2022-08-11,NVDA,171.86286739997186,2678995
2022-08-12,NVDA,168.07099672798714,2280679
2022-08-15,NVDA,172.84783916514843,2538526
2022-08-16,NVDA,178.7175133819193,1307288
2022-08-17,NVDA,178.17145274292463,1284195
2022-08-18,NVDA,175.12089791423,3228821
2022-08-19,NVDA,175.29970674843938,5455744
2022-08-22,NVDA,173.0018370500955,6627367
2022-08-23,NVDA,172.04329082398337,2923699
2022-08-24,NVDA,177.52606756254914,1399767
2022-08-25,NVDA,179.04178863259298,3445680
2022-08-26,NVDA,179.68774929145516,2943327
2022-08-29,NVDA,181.05701377128045,2998195
2022-08-30,NVDA,180.97340234372666,1151073
2022-08-31,NVDA,184.1461117119494,1394923
2022-09-01,NVDA,187.51337116356854,2341009
2022-09-02,NVDA,186.25809394819407,6069049
2022-09-05,NVDA,186.77994588591383,1261806
2022-09-06,NVDA,195.9269620807993,1806978
2022-09-07,NVDA,197.71616375276423,5773168
2022-09-08,NVDA,197.11964070771145,2713142
2022-09-09,NVDA,205.33831449365735,1234096
2022-09-12,NVDA,205.52078860793418,5324933
2022-09-13,NVDA,201.1542860231827,2141592
2022-09-14,NVDA,204.00899064785474,3090197
2022-09-15,NVDA,200.48034445033102,1536743
2022-09-16,NVDA,198.6270138720243,4040846
2022-09-19,NVDA,200.06239352245822,5583975
2022-09-20,NVDA,199.6952113098307,2981141
2022-09-21,NVDA,196.78570556974816,5235001
2022-09-22,NVDA,194.75504794722661,4361027
2022-09-23,NVDA,192.58011704374792,3196120
2022-09-26,NVDA,197.2066096035073,2903897
2022-09-27,NVDA,194.50093408803718,4623895
2022-09-28,NVDA,192.4111419056971,3738535
2022-09-29,NVDA,200.38987154369235,5300746
2022-09-30,NVDA,198.31076920757823,1053341
2022-10-03,NVDA,204.35693817498466,3324341
2022-10-04,NVDA,209.87756811915844,1091199
2022-10-05,NVDA,209.38329964229837,2916814
2022-10-06,NVDA,203.58593113146495,4041360
2022-10-07,NVDA,205.5729873570935,4852669
2022-10-10,NVDA,208.4825652383644,5902134
2022-10-11,NVDA,212.66391025407373,2298532
2022-10-12,NVDA,213.11856118551154,6991702
2022-10-13,NVDA,218.4020153409242,3617724
2022-10-14,NVDA,224.6280391882011,5818954
2022-10-17,NVDA,220.04840340778347,1601767
2022-10-18,NVDA,226.49356968323505,4146516
2022-10-19,NVDA,227.44276959910908,6895624
2022-10-20,NVDA,225.02849163833454,4866029
2022-10-21,NVDA,223.7520052415396,3296317
2022-10-24,NVDA,232.31084227821808,5028443
2022-10-25,NVDA,237.04547652631888,6015302
2022-10-26,NVDA,228.72970331982822,5377707
2022-10-27,NVDA,229.27159833795767,4017304
2022-10-28,NVDA,228.79081603202945,6951005
2022-10-31,NVDA,228.14751449853458,6433762
2022-11-01,NVDA,225.9657159680286,3062057
2022-11-02,NVDA,219.54240786203636,3953613
2022-11-03,NVDA,223.47943689018112,3678100
2022-11-04,NVDA,219.43584581664015,1693541
2022-11-07,NVDA,217.9654452331325,5673861
2022-11-08,NVDA,215.49203750460043,1948059
2022-11-09,NVDA,212.50607692310263,2296130
2022-11-10,NVDA,215.81367737992375,5124147
2022-11-11,NVDA,217.62122120252113,1575701
2022-11-14,NVDA,214.83931849718755,5389778
2022-11-15,NVDA,210.930056318687,6393603
2022-11-16,NVDA,209.09743519579487,4839069
2022-11-17,NVDA,213.28784890736148,1095711
2022-11-18,NVDA,213.97430038854998,4954492
2022-11-21,NVDA,215.12156079760007,6363611
2022-11-22,NVDA,213.86024428073975,6559461
2022-11-23,NVDA,212.906939085927,6488909
2022-11-24,NVDA,213.97804718371432,1155854
2022-11-25,NVDA,206.2387821408536,1993662
2022-11-28,NVDA,213.03252732449175,4565338
2022-11-29,NVDA,209.82577616438275,5531036
2022-11-30,NVDA,207.58771406868473,4386999
2022-12-01,NVDA,213.29013620489428,2732971
2022-12-02,NVDA,214.38829769140372,2159315
2022-12-05,NVDA,214.7188139306513,2626509
2022-12-06,NVDA,212.3641245480762,5978762
2022-12-07,NVDA,205.88205199330537,6901754
2022-12-08,NVDA,206.787708014304,5915648
2022-12-09,NVDA,211.87576667096172,6321834
2022-12-12,NVDA,208.21177697441732,4488196
2022-12-13,NVDA,214.03235744537002,5586160
2022-12-14,NVDA,209.3572823557432,6293198
2022-12-15,NVDA,206.43042096339892,3616465
2022-12-16,NVDA,208.66355036866767,5303382
2022-12-19,NVDA,208.8098870695084,6915220
2022-12-20,NVDA,211.84133890028082,1072866
2022-12-21,NVDA,208.8470120277803,1335848
2022-12-22,NVDA,204.68359830479835,6880270
2022-12-23,NVDA,197.1837345849945,3689402
2022-12-26,NVDA,192.57471760784074,5328317
2022-12-27,NVDA,188.56489697086593,6546739
2022-12-28,NVDA,183.31537989444973,1280875
2022-12-29,NVDA,184.5746142111792,4486538
2022-12-30,NVDA,182.25308947530726,5789239
2023-01-02,NVDA,175.13320828120388,6251743
2023-01-03,NVDA,183.9546071829029,6027868
2023-01-04,NVDA,181.01187186164375,6836107
2023-01-05,NVDA,176.5933383020259,6286526
2023-01-06,NVDA,181.09572050586019,3962235
2023-01-09,NVDA,185.44358908887614,4732315
2023-01-10,NVDA,181.30322371713862,2356825
2023-01-11,NVDA,176.08538261567344,1225691
2023-01-12,NVDA,172.68669965600924,1549376
2023-01-13,NVDA,176.7085238254137,6204889
2023-01-16,NVDA,175.7321711778308,6913448
2023-01-17,NVDA,173.01289908811003,3531920
2023-01-18,NVDA,173.0358322498114,2295885
2023-01-19,NVDA,177.32432288255822,2179486
2023-01-20,NVDA,172.52042833238787,6826021
2023-01-23,NVDA,171.31691968070518,2250882
2023-01-24,NVDA,166.69658589130992,3079374
2023-01-25,NVDA,174.05509161003238,2209375
2023-01-26,NVDA,180.50668563677544,5314357
2023-01-27,NVDA,184.06686260487626,5893905
2023-01-30,NVDA,183.70461318590134,5891352
2023-01-31,NVDA,186.25489841510588,1436114
2023-02-01,NVDA,178.5550705848262,6993310
2023-02-02,NVDA,179.6672071805758,6509425
2023-02-03,NVDA,174.99167277383964,4545329
2023-02-06,NVDA,170.47768274807464,1101227
2023-02-07,NVDA,168.1942163153489,5218418
2023-02-08,NVDA,167.1338636417735,5337352
2023-02-09,NVDA,169.17028696562045,1351677
2023-02-10,NVDA,171.65938666497487,2383461
2023-02-13,NVDA,172.68135250423313,2086303
2023-02-14,NVDA,169.54084304534064,4088779
2023-02-15,NVDA,171.95166903401935,2767734
2023-02-16,NVDA,171.65609449318174,2063785
2023-02-17,NVDA,175.82812327015716,2309035
2023-02-20,NVDA,172.7260557539419,6398170
2023-02-21,NVDA,163.30134458632494,6560917
2023-02-22,NVDA,161.85871044659334,1935369
2023-02-23,NVDA,168.93602624322966,6836375
2023-02-24,NVDA,170.63885865737214,3801019
2023-02-27,NVDA,170.0951037006784,2062856
2023-02-28,NVDA,173.2202144462511,4651438
2023-03-01,NVDA,175.08469608229086,2048016
2023-03-02,NVDA,176.82273140761444,3719247
2023-03-03,NVDA,175.13037652820313,3022120
2023-03-06,NVDA,175.5197650490151,2297159
2023-03-07,NVDA,176.34889235066174,2683538
2023-03-08,NVDA,174.20568273642613,2739898
2023-03-09,NVDA,170.42984367531542,2131073
2023-03-10,NVDA,171.02301677365904,6607038
2023-03-13,NVDA,174.45527817066733,5828168
2023-03-14,NVDA,176.8359099850272,1751358
2023-03-15,NVDA,178.70675465363396,2010832
2023-03-16,NVDA,180.63433910662943,1105456
2023-03-17,NVDA,190.0959756021541,4925825
2023-03-20,NVDA,191.2170997767481,6452306
2023-03-21,NVDA,195.3360617639001,6098865
2023-03-22,NVDA,203.11864103892225,6317323
2023-03-23,NVDA,203.4763862106896,4431833
2023-03-24,NVDA,204.69533204724746,5110996
2023-03-27,NVDA,209.1128477297302,3412167
2023-03-28,NVDA,216.31746817504177,3831777
2023-03-29,NVDA,217.82349333920394,1496757
2023-03-30,NVDA,219.55744597773986,6711645
2023-03-31,NVDA,220.11002629762717,5982177
2023-04-03,NVDA,214.95681392195908,3478798
2023-04-04,NVDA,219.9122901579938,2341605
2023-04-05,NVDA,218.95567717415813,1077855
2023-04-06,NVDA,211.58233338694825,2141590
2023-04-07,NVDA,211.1205053719828,3611283
2023-04-10,NVDA,203.97606138714494,5958508
2023-04-11,NVDA,200.0201661556887,4175267
2023-04-12,NVDA,200.2445247125647,5902322
2023-04-13,NVDA,196.71250854133388,4289811
2023-04-14,NVDA,201.08079590511733,2502687
2023-04-17,NVDA,195.33334652646036,6329025
2023-04-18,NVDA,196.52149238479615,3249285
2023-04-19,NVDA,198.87687361366056,1406392
2023-04-20,NVDA,204.85301111890112,5006634
2023-04-21,NVDA,208.80655857481912,6124872
2023-04-24,NVDA,209.96002459998954,4789952
2023-04-25,NVDA,210.47935462821624,4133794
2023-04-26,NVDA,210.4160763369753,3268723
2023-04-27,NVDA,215.39231269997416,5393102
2023-04-28,NVDA,212.75247107204586,1785285
2023-05-01,NVDA,215.1575892402385,3482423
2023-05-02,NVDA,214.94618838481975,4234088
2023-05-03,NVDA,216.17309495502428,2776910
2023-05-04,NVDA,215.23323322146882,5410038
2023-05-05,NVDA,224.61901525229138,3014202
2023-05-08,NVDA,221.87087723220893,2514693
2023-05-09,NVDA,223.19681519786175,2647024
2023-05-10,NVDA,224.6337019271306,5159120
2023-05-11,NVDA,227.57297445529917,3721342
2023-05-12,NVDA,229.83392645312026,5550711
2023-05-15,NVDA,231.99911996552203,4587125
2023-05-16,NVDA,236.77133295977563,1845978
2023-05-17,NVDA,229.8658237511973,5985662
2023-05-18,NVDA,230.12664900675753,6439169
2023-05-19,NVDA,224.66490798397123,2046567
2023-05-22,NVDA,225.92121517924184,3329331
2023-05-23,NVDA,220.79005994683553,3700417
2023-05-24,NVDA,216.75923833811953,1727897
2023-05-25,NVDA,216.70181341018787,4192544
2023-05-26,NVDA,222.95949323500218,5590219
2023-05-29,NVDA,225.7464163366345,5909051
2023-05-30,NVDA,227.3010040932844,2655751
2023-05-31,NVDA,233.89794497650053,5261270
2023-06-01,NVDA,229.70059615806323,5920538
2023-06-02,NVDA,220.31033076772255,4739080
2023-06-05,NVDA,218.65491702298277,3956015
2023-06-06,NVDA,217.64928021315248,5046089
2023-06-07,NVDA,223.23432468635644,5458436
2023-06-08,NVDA,233.00103969067547,3688966
2023-06-09,NVDA,227.02999734328793,1903974
2023-06-12,NVDA,238.49912795401883,5839080
2023-06-13,NVDA,246.19341134409743,5001475
2023-06-14,NVDA,250.56224417410542,6024182
2023-06-15,NVDA,252.65097130696276,5348890
2023-06-16,NVDA,265.1566178752608,4397357
2023-06-19,NVDA,265.8427101858872,5754994
2023-06-20,NVDA,263.58382891765297,1702077
2023-06-21,NVDA,264.5747908510214,6548209
2023-06-22,NVDA,257.5882605917188,3557362
2023-06-23,NVDA,260.27224803259685,1846841
2023-06-26,NVDA,259.9556859852877,2588265
2023-06-27,NVDA,261.92926489483943,5545018
2023-06-28,NVDA,264.0730785679607,2150772
2023-06-29,NVDA,258.73990669915287,4048974
2023-06-30,NVDA,265.80517056999975,2780178
2023-07-03,NVDA,260.67156438328703,3457592
2023-07-04,NVDA,265.5584390314768,5916045
2023-07-05,NVDA,257.35759218791003,6230509
2023-07-06,NVDA,259.52391142388353,3086753
2023-07-07,NVDA,255.52431496854163,5420377
2023-07-10,NVDA,255.99572985712592,3577957
2023-07-11,NVDA,252.9150038956355,5966154
2023-07-12,NVDA,242.12324672329535,3296675
2023-07-13,NVDA,236.9671414984364,1840732
2023-07-14,NVDA,237.52983814939776,2107589
2023-07-17,NVDA,240.7324283649932,4222102
2023-07-18,NVDA,233.90074930930766,4428211
2023-07-19,NVDA,224.19458281499777,1097657
2023-07-20,NVDA,220.50950052754374,3500398
2023-07-21,NVDA,219.79928684566752,6940054
2023-07-24,NVDA,217.23722959289037,6619538
2023-07-25,NVDA,213.93850153351167,6092553
2023-07-26,NVDA,217.7937907022508,4710749
2023-07-27,NVDA,222.22073818364382,2359336
2023-07-28,NVDA,225.74157498681097,6867916
2023-07-31,NVDA,221.7344608915169,1575864
2023-08-01,NVDA,222.2962829993279,6153323
2023-08-02,NVDA,221.65948349666314,4496397
2023-08-03,NVDA,215.55481191203114,3944606
2023-08-04,NVDA,219.57663697686633,6745482
2023-08-07,NVDA,220.18425938498928,1098384
2023-08-08,NVDA,218.27079496338771,5319607
2023-08-09,NVDA,224.67894377122963,2277598
2023-08-10,NVDA,228.33764707932346,6577621
2023-08-11,NVDA,232.4768570762965,3323425
2023-08-14,NVDA,238.29061017186254,5425403
2023-08-15,NVDA,241.9515415191451,3632799
2023-08-16,NVDA,236.07200122416302,1826539
2023-08-17,NVDA,234.47308745407028,2807041
2023-08-18,NVDA,239.41242347522356,4870777
2023-08-21,NVDA,235.9702330679089,4033257
2023-08-22,NVDA,236.3801838499472,2935219
2023-08-23,NVDA,238.49563523204162,4054459
2023-08-24,NVDA,245.60836189953648,3883115
2023-08-25,NVDA,252.23152588185712,4169882
2023-08-28,NVDA,257.01297144928617,5540123
2023-08-29,NVDA,256.3079527812123,1237839
2023-08-30,NVDA,261.24960571145715,2790029
2023-08-31,NVDA,264.26481324006994,1476232
2023-09-01,NVDA,263.66768565418243,2030338
2023-09-04,NVDA,271.08408307081356,5402257
2023-09-05,NVDA,274.0286160972174,2728233
2023-09-06,NVDA,270.1502460849763,1571253
2023-09-07,NVDA,277.2520314260814,6661746
2023-09-08,NVDA,276.10342941814963,4427415
2023-09-11,NVDA,279.645625648246,4317007
2023-09-12,NVDA,271.3859717173383,3460577
2023-09-13,NVDA,271.53747028424215,2722740
2023-09-14,NVDA,266.65418952378775,1432928
2023-09-15,NVDA,261.7156169748265,1874299
2023-09-18,NVDA,251.95785399167838,4670996
2023-09-19,NVDA,262.990991799038,1409328
2023-09-20,NVDA,262.443640427787,2745999
2023-09-21,NVDA,263.9336925794263,3004043
2023-09-22,NVDA,270.0225996106711,5681389
2023-09-25,NVDA,269.6094472649413,4684065
2023-09-26,NVDA,272.62168918840007,2584074
2023-09-27,NVDA,265.4565329843623,3740919
2023-09-28,NVDA,266.73692781983067,2899737
2023-09-29,NVDA,264.7668676767182,5873323
2023-10-02,NVDA,267.65303701362876,6838005
2023-10-03,NVDA,268.85917050117763,6968234
2023-10-04,NVDA,261.64589028154023,2057070
2023-10-05,NVDA,252.18563622520924,4421386
2023-10-06,NVDA,247.28778619183984,3948904
2023-10-09,NVDA,251.14996535989124,3069603
2023-10-10,NVDA,253.5040434169359,1542509
2023-10-11,NVDA,255.7680983573687,5768297
2023-10-12,NVDA,245.65923738870435,5774428
2023-10-13,NVDA,232.6563441170705,1532288
2023-10-16,NVDA,229.95154405673225,4829878
2023-10-17,NVDA,228.6151808121425,5557384
2023-10-18,NVDA,226.04710456696515,5576292
2023-10-19,NVDA,227.83750778790002,6289994
2023-10-20,NVDA,227.2448049769645,3963507
2023-10-23,NVDA,222.03979530294453,5656493
2023-10-24,NVDA,218.31153620748154,3602384
2023-10-25,NVDA,219.1110772043782,1592011
2023-10-26,NVDA,219.60362247105874,6284062
2023-10-27,NVDA,219.45070929200762,4486355
2023-10-30,NVDA,229.5742796609447,2986907
2023-10-31,NVDA,228.54679654851105,5813196
2023-11-01,NVDA,229.27258946565962,6869031
2023-11-02,NVDA,224.8812426240117,3469501
2023-11-03,NVDA,223.43737442413308,2443817
2023-11-06,NVDA,225.94858456194365,6064284
2023-11-07,NVDA,228.68029431812462,6272386
2023-11-08,NVDA,228.12991217536756,1996032
2023-11-09,NVDA,230.09975801747254,3143822
2023-11-10,NVDA,230.52121952779441,4172428
2023-11-13,NVDA,222.01408408973168,5238170
2023-11-14,NVDA,207.6299024764325,4349169
2023-11-15,NVDA,217.37260995183746,1003053
2023-11-16,NVDA,221.1371410248099,5729525
2023-11-17,NVDA,221.0408858667992,1708328
2023-11-20,NVDA,213.5120641708275,3472130
2023-11-21,NVDA,208.21492838718564,3626107
2023-11-22,NVDA,214.00709488842264,2549515
2023-11-23,NVDA,202.2231049606697,5745505
2023-11-24,NVDA,201.05291598852216,5272742
2023-11-27,NVDA,204.68620101915099,1875918
2023-11-28,NVDA,205.41583011638104,1685445
2023-11-29,NVDA,208.66054897263857,5114642
2023-11-30,NVDA,208.25888020204695,3207136
2023-12-01,NVDA,218.37381235397112,1082981
2023-12-04,NVDA,214.03692597296623,3808248
2023-12-05,NVDA,208.35541411858537,2987193
2023-12-06,NVDA,209.64526892017398,5726778
2023-12-07,NVDA,215.7861169797965,3886159
2023-12-08,NVDA,215.69595341771824,3548592
2023-12-11,NVDA,220.37226279882267,5182146
2023-12-12,NVDA,218.1868871433291,4373152
2023-12-13,NVDA,213.16739108154138,5034918
2023-12-14,NVDA,219.28495664871096,5069908
2023-12-15,NVDA,226.31835950175568,5551664
2023-12-18,NVDA,233.4162868809293,5053328
2023-12-19,NVDA,231.5337726258878,5674844
2023-12-20,NVDA,226.34645641318843,6781088
2023-12-21,NVDA,221.21123054057804,6119921
2023-12-22,NVDA,220.37224184449164,3779090
2023-12-25,NVDA,223.09356484884617,2552048
2023-12-26,NVDA,225.5215890496998,4430603
2023-12-27,NVDA,219.20966504961933,5382371
2023-12-28,NVDA,220.218787190094,1116437
2023-12-29,NVDA,220.45103098704627,4917947
2024-01-01,NVDA,221.00272178495518,2151126
2024-01-02,NVDA,221.0526805217324,4282004
2024-01-03,NVDA,220.31471718940713,2492674
2024-01-04,NVDA,223.0830823637809,5133400
2024-01-05,NVDA,223.8052449593453,2267165
2024-01-08,NVDA,224.97087108977806,3725032
2024-01-09,NVDA,222.02035193820166,4114662
2024-01-10,NVDA,223.93318062808763,6859584
2024-01-11,NVDA,223.54733469269422,2195957
2024-01-12,NVDA,214.24704482282922,5821254
2024-01-15,NVDA,216.46925836873638,4420256
2024-01-16,NVDA,215.47652356959367,5414396
2024-01-17,NVDA,219.61919720313378,5955048
2024-01-18,NVDA,219.06093062388516,4459889
2024-01-19,NVDA,218.79480435156137,1435776
2024-01-22,NVDA,219.87429388556006,6581012
2024-01-23,NVDA,219.97606750625192,2457398
2024-01-24,NVDA,218.16377349913313,4520874
2024-01-25,NVDA,210.49226026974304,3980230
2024-01-26,NVDA,218.39703726519733,2999444
2024-01-29,NVDA,211.6538706290195,1276925
2024-01-30,NVDA,210.35633952824125,3511143
2024-01-31,NVDA,213.25142460698459,1859546
2024-02-01,NVDA,215.0214839896114,2763558
2024-02-02,NVDA,217.611497196877,4449857
2024-02-05,NVDA,221.11151604536948,5904134
2024-02-06,NVDA,226.85321917442377,3397047
2024-02-07,NVDA,228.36081018029682,3607637
2024-02-08,NVDA,241.7959280312965,6422274
2024-02-09,NVDA,237.0644082666514,6752740
2024-02-12,NVDA,238.3084222590589,4422636
2024-02-13,NVDA,236.75535234275574,3866528
2024-02-14,NVDA,234.33979758303204,5542505
2024-02-15,NVDA,235.85018867610304,4625464
2024-02-16,NVDA,242.89381055773524,3075225
2024-02-19,NVDA,239.61373081542772,1005619
2024-02-20,NVDA,236.37436538595983,3262458
2024-02-21,NVDA,239.96483923252802,6820109
2024-02-22,NVDA,242.74360372063418,6120700
2024-02-23,NVDA,252.41818357589224,5185263
2024-02-26,NVDA,257.78398818769114,4691766
2024-02-27,NVDA,259.14813615516994,3069124
2024-02-28,NVDA,257.6224116840425,6486821
2024-02-29,NVDA,258.9118778143918,6618996
2024-03-01,NVDA,258.1858007538717,2514433
2024-03-04,NVDA,251.3175886327597,6327919
2024-03-05,NVDA,251.5349017740681,1687656
2024-03-06,NVDA,250.82998937545594,4807988
2024-03-07,NVDA,249.83900629709242,5063443
2024-03-08,NVDA,247.86873207630796,6219824
2024-03-11,NVDA,256.4205474759625,1750596
2024-03-12,NVDA,260.17078097428083,2704878
2024-03-13,NVDA,265.22778677172323,1455897
2024-03-14,NVDA,262.1900203200804,1154155
2024-03-15,NVDA,257.01113020375254,3342502
2024-03-18,NVDA,255.73695305362105,6499130
2024-03-19,NVDA,257.1643323946357,5118992
2024-03-20,NVDA,255.56822175440072,4939190
2024-03-21,NVDA,254.78501782900915,3162165
2024-03-22,NVDA,259.86247318156586,4591607
2024-03-25,NVDA,261.59951929040585,5518396
2024-03-26,NVDA,256.63428228894287,6133218
2024-03-27,NVDA,254.6171405106066,3731765
2024-03-28,NVDA,251.44695351610727,2651112
2024-03-29,NVDA,252.53289451654558,2709477
2024-04-01,NVDA,246.8142782142363,4295523
2024-04-02,NVDA,246.10470019913723,4205673
2024-04-03,NVDA,249.68622132212639,6707305
2024-04-04,NVDA,250.0044412313375,4627093
2024-04-05,NVDA,245.6099808223862,4165801
2024-04-08,NVDA,242.75395891799576,1899638
2024-04-09,NVDA,243.52762061841258,1458837
2024-04-10,NVDA,246.05096394877677,4549355
2024-04-11,NVDA,250.34243889511734,6372984
2024-04-12,NVDA,249.79062695012934,2011075
2024-04-15,NVDA,243.3847473219267,4821940
2024-04-16,NVDA,250.49154599613735,6809039
2024-04-17,NVDA,252.15925009979622,6093686
2024-04-18,NVDA,254.38365718861493,4189203
2024-04-19,NVDA,256.1160944922897,6912954
2024-04-22,NVDA,250.98101633848654,2232623
2024-04-23,NVDA,249.5539155258208,3348874
2024-04-24,NVDA,251.01260080474407,1255199
2024-04-25,NVDA,256.3723629126339,4313627
2024-04-26,NVDA,256.8604028254426,2287224
2024-04-29,NVDA,241.01238073392932,2986259
2024-04-30,NVDA,240.01771651187,2909814
2024-05-01,NVDA,241.87859351994527,5841306
2024-05-02,NVDA,248.30719018820963,4440883
2024-05-03,NVDA,252.0135040123672,1420707
2024-05-06,NVDA,264.74123820122287,4981226
2024-05-07,NVDA,272.46819990212015,6565149
2024-05-08,NVDA,280.0028382767272,5269543
2024-05-09,NVDA,285.4785029256666,6089785
2024-05-10,NVDA,277.7852267463707,3646656
2024-05-13,NVDA,282.6856386674936,3164220
2024-05-14,NVDA,286.27282962424414,4781188
2024-05-15,NVDA,283.4615128041041,6999679
2024-05-16,NVDA,286.98576695760227,4321352
2024-05-17,NVDA,289.5862376680193,3908249
2024-05-20,NVDA,287.0956825678235,2778882
2024-05-21,NVDA,286.58814744320387,2590888
2024-05-22,NVDA,285.27961565432804,2313902
2024-05-23,NVDA,286.7943311208097,6715695
2024-05-24,NVDA,284.559770872064,3395581
2024-05-27,NVDA,287.8601700620362,6159619
2024-05-28,NVDA,277.02172884691464,5137742
2024-05-29,NVDA,275.65363917856894,6941439
2024-05-30,NVDA,266.5587922804697,1806944
2024-05-31,NVDA,264.1709617885239,3826516
2024-06-03,NVDA,267.08707401710757,4815879
2024-06-04,NVDA,267.389481018088,6434650
2024-06-05,NVDA,266.98499975189935,1124405
2024-06-06,NVDA,267.5392198718839,3606105
2024-06-07,NVDA,276.12455834515515,2102115
2024-06-10,NVDA,270.2085788229678,5699458
2024-06-11,NVDA,275.19518715993365,5018776
2024-06-12,NVDA,267.0626366144877,3357286
2024-06-13,NVDA,264.75286019237194,5848529
2024-06-14,NVDA,265.8044451373232,4987870
2024-06-17,NVDA,261.4629001657125,5603189
2024-06-18,NVDA,262.71864045508806,4533349
2024-06-19,NVDA,266.73136510459403,5100965
2024-06-20,NVDA,260.54990527268404,5650678
2024-06-21,NVDA,260.3291055174225,2524528
2024-06-24,NVDA,258.5507128229246,2968799
2024-06-25,NVDA,248.6979462870905,6927067
2024-06-26,NVDA,247.9415356647237,3276475
2024-06-27,NVDA,244.15908506819375,4605813
2024-06-28,NVDA,250.86899119191068,1338957
2024-07-01,NVDA,246.6515687501553,6460749
2024-07-02,NVDA,255.20777452360045,2142639
2024-07-03,NVDA,252.66362450614176,6618710
2024-07-04,NVDA,262.6344590108451,5838999
2024-07-05,NVDA,265.65154570895135,2432035
2024-07-08,NVDA,268.2488030123685,3709365
2024-07-09,NVDA,272.7592136956936,6818845
2024-07-10,NVDA,277.87239977665917,2233542
2024-07-11,NVDA,285.8656295235636,1487252
2024-07-12,NVDA,295.9721702944423,4362505
2024-07-15,NVDA,294.12699859365273,4824163
2024-07-16,NVDA,286.97891932224405,3092226
2024-07-17,NVDA,271.84504976822683,2540123
2024-07-18,NVDA,269.9298848462774,3521185
2024-07-19,NVDA,274.2231106578939,1564521
2024-07-22,NVDA,276.490180358969,1895772
2024-07-23,NVDA,277.3206793608074,4416615
2024-07-24,NVDA,275.5724692709909,6731239
2024-07-25,NVDA,272.2380836878984,2275331
2024-07-26,NVDA,270.8841110274075,1104713
2024-07-29,NVDA,273.1810783395743,5718402
2024-07-30,NVDA,263.7311583692052,1177566
2024-07-31,NVDA,267.76055821671326,3769566
2024-08-01,NVDA,260.1376372610421,3457660
2024-08-02,NVDA,259.4963957899148,2618617
2024-08-05,NVDA,256.38493886691253,2871850
2024-08-06,NVDA,254.6695698306368,1070719
2024-08-07,NVDA,249.5111908366564,3132134
2024-08-08,NVDA,243.91854122044504,5152041
2024-08-09,NVDA,242.95079982549487,6924108
2024-08-12,NVDA,237.83409810656772,4818965
2024-08-13,NVDA,249.6795133330536,4362747
2024-08-14,NVDA,247.75183337689327,5831178
2024-08-15,NVDA,244.64691114174178,4308855
2024-08-16,NVDA,242.10038067105268,3299213
2024-08-19,NVDA,237.05132170136162,4158214
2024-08-20,NVDA,225.5411697064834,6489442
2024-08-21,NVDA,224.51487735422106,4639417
2024-08-22,NVDA,226.03564315889065,1141557
2024-08-23,NVDA,219.36425235522327,4685005
2024-08-26,NVDA,219.5111894224747,6512910
2024-08-27,NVDA,214.3225309152991,3739188
2024-08-28,NVDA,214.28842261335097,5588270
2024-08-29,NVDA,215.94665384305407,5384385
2024-08-30,NVDA,218.16238712410149,1614235
2024-09-02,NVDA,220.18085810728246,1119738
2024-09-03,NVDA,217.20012288478952,6922862
2024-09-04,NVDA,221.1414364819972,5775944
2024-09-05,NVDA,219.27944212344372,1538630
2024-09-06,NVDA,220.93256165823482,1706856
2024-09-09,NVDA,224.16467352530978,5506442
2024-09-10,NVDA,222.92106758457209,5028939
2024-09-11,NVDA,217.31319108771316,2466291
2024-09-12,NVDA,220.09519401433292,6057108
2024-09-13,NVDA,215.29404478088304,5145906
2024-09-16,NVDA,211.5709706675915,6267604
2024-09-17,NVDA,207.01685599433515,6022146
2024-09-18,NVDA,210.61434453224996,2374492
2024-09-19,NVDA,210.03717291797273,1707632
2024-09-20,NVDA,200.70085718105707,5358233
2024-09-23,NVDA,203.75532226805197,2947177
2024-09-24,NVDA,212.30038524956694,5876352
2024-09-25,NVDA,220.0535690301686,6371145
2024-09-26,NVDA,217.66768081103876,3193004
2024-09-27,NVDA,218.11624448077868,3864895
2024-09-30,NVDA,220.44741905071513,3149205
2024-10-01,NVDA,224.4986922614506,1918498
2024-10-02,NVDA,224.76860970029583,4810249
2024-10-03,NVDA,219.96155484220768,1521142
2024-10-04,NVDA,223.3918875894025,1379194
2024-10-07,NVDA,226.25176280692796,1738009
2024-10-08,NVDA,220.34286181214605,6208402
2024-10-09,NVDA,218.8330897599207,1634786
2024-10-10,NVDA,220.11731163262414,2038802
2024-10-11,NVDA,220.2117990130255,3141243
2024-10-14,NVDA,222.62752141367847,1610661
2024-10-15,NVDA,226.27668346369808,5659538
2024-10-16,NVDA,228.83619942752134,5538748
2024-10-17,NVDA,228.41905816598594,3717517
2024-10-18,NVDA,222.3639943218797,1185324
2024-10-21,NVDA,225.2067173072452,1590093
2024-10-22,NVDA,231.6232270005326,3326972
2024-10-23,NVDA,240.8830986890872,3115557
2024-10-24,NVDA,240.83373556054215,5352282
2024-10-25,NVDA,240.77203940261853,3902222
2024-10-28,NVDA,247.84727189803712,1338243
2024-10-29,NVDA,255.09205988901505,3689172
2024-10-30,NVDA,256.94450001726017,4416889
2024-10-31,NVDA,260.7215976646329,4847563
2024-11-01,NVDA,256.8663420143351,1225524
2024-11-04,NVDA,259.9795555216731,5083560
2024-11-05,NVDA,255.79664154256747,1802674
2024-11-06,NVDA,255.16410078974715,5486656
2024-11-07,NVDA,254.64501309043644,5509783
2024-11-08,NVDA,252.36583787823696,4215208
2024-11-11,NVDA,241.81350895785388,5634033
2024-11-12,NVDA,237.91910648714048,1179681
2024-11-13,NVDA,239.6046324586366,3199766
2024-11-14,NVDA,239.41323702355365,5617839
2024-11-15,NVDA,237.62817301534827,6390525
2024-11-18,NVDA,239.76482660514304,5698767
2024-11-19,NVDA,243.1675043246327,6702310
2024-11-20,NVDA,247.39073711460827,5376459
2024-11-21,NVDA,243.49736864950944,4217811
2024-11-22,NVDA,243.69817635997762,3625348
2024-11-25,NVDA,242.16417553088925,3143335
2024-11-26,NVDA,238.00272682886524,6321356
2024-11-27,NVDA,230.9683603583441,4759221
2024-11-28,NVDA,230.60064064379375,1577980
2024-11-29,NVDA,226.66020586151728,6894203
2024-12-02,NVDA,236.50594671150515,5440938
2024-12-03,NVDA,236.12643391572422,6684076
2024-12-04,NVDA,235.1529701444952,4577871
2024-12-05,NVDA,233.36903227136233,5316049
2024-12-06,NVDA,242.20860309280025,5200865
2024-12-09,NVDA,237.73487200898217,5099376
2024-12-10,NVDA,237.0564698211782,1403551
2024-12-11,NVDA,233.49424071161894,6829630
2024-12-12,NVDA,232.99754221966418,6808855
2024-12-13,NVDA,232.91600104881041,3800364
2024-12-16,NVDA,238.12028039653063,1181397
2024-12-17,NVDA,231.46269773549912,6095105
2024-12-18,NVDA,231.45050972404283,2061273
2024-12-19,NVDA,239.01747925003448,1567546
2024-12-20,NVDA,236.6675628651112,4099700
2024-12-23,NVDA,235.91366772753287,4841516
2024-12-24,NVDA,231.8145374132224,4437398
2024-12-25,NVDA,219.75969218327992,3195906
2024-12-26,NVDA,219.3797357591103,2067605
2024-12-27,NVDA,224.61773091676366,4421335
2024-12-30,NVDA,222.59766259413945,2724571
2024-12-31,NVDA,214.45753287053003,3264567
